{
  "configurations": [
    {
      "name": "x64-Release",
      "generator": "Ninja",
      "configurationType": "RelWithDebInfo",
      "inheritEnvironments": [ "msvc_x64_x64" ],
      "buildRoot": "${projectDir}\\out\\build\\${name}",
      "installRoot": "${projectDir}\\out\\install\\${name}",
      "cmakeCommandArgs": "",
      "buildCommandArgs": "-v",
      "ctestCommandArgs": "",
      "variables": [
        {
          "name": "CUDA_LIB",
          "value": "D:/projects/packages/cuda10_0/lib64",
          "type": "PATH"
        },
        {
          "name": "OPENCV_DIR",
          "value": "D:/projects/packages/opencv3_4_6",
          "type": "PATH"
        },
        {
          "name": "PADDLE_DIR",
          "value": "D:/projects/packages/fluid_inference",
          "type": "PATH"
        },
        {
          "name": "CMAKE_BUILD_TYPE",
          "value": "Release",
          "type": "STRING"
        },
        {
          "name": "WITH_STATIC_LIB",
          "value": "True",
          "type": "BOOL"
        },
        {
          "name": "WITH_MKL",
          "value": "True",
          "type": "BOOL"
        },
        {
          "name": "WITH_GPU",
          "value": "True",
          "type": "BOOL"
        }
      ]
    }
  ]
}
